,position,height,weight,hall_fame,games_played,Goal,assist,points,points_per_game,bmi,range_points
0,R,73,190,Y,1129,498,601,1099,0.9734278122232064,25.064740101332333,range_c
1,R,73,184,Y,59,7,18,25,0.423728813559322,24.273221992869207,range_d
2,L,76,225,Y,1639,640,698,1338,0.8163514338010982,27.384868421052634,range_c
3,R,72,180,Y,76,15,29,44,0.5789473684210527,24.409722222222225,range_d
4,L,72,215,Y,567,244,348,592,1.0440917107583774,29.15605709876543,range_c
5,L,72,195,Y,903,420,463,883,0.9778516057585825,26.44386574074074,range_c
6,C,75,205,Y,70,25,51,76,1.0857142857142856,25.620444444444445,range_c
7,D,76,220,Y,1270,240,537,777,0.6118110236220472,26.77631578947368,range_d
8,R,72,186,Y,752,573,553,1126,1.497340425531915,25.22337962962963,range_b
9,D,72,223,Y,1612,410,1169,1579,0.9795285359801489,30.240933641975307,range_c
10,C,72,195,Y,240,60,136,196,0.8166666666666667,26.44386574074074,range_c
11,L,69,166,Y,68,10,15,25,0.36764705882352944,24.51123713505566,range_e
12,C,71,186,Y,1318,260,403,663,0.5030349013657056,25.938901011704026,range_d
13,D,72,191,Y,1651,185,763,948,0.5741974560872198,25.9014274691358,range_d
14,R,70,185,Y,1232,608,592,1200,0.974025974025974,26.541836734693877,range_c
15,C,70,185,Y,1068,343,821,1164,1.0898876404494382,26.541836734693877,range_c
16,D,72,205,Y,1409,396,1135,1531,1.0865862313697658,27.79996141975309,range_c
17,R,67,178,Y,562,276,287,563,1.001779359430605,27.875696146135,range_c
18,C,69,190,Y,1348,731,1040,1771,1.3137982195845697,28.0550304557866,range_b
19,C,73,205,Y,823,516,591,1107,1.345078979343864,27.043535372490147,range_b
20,C,74,207,Y,1248,483,696,1179,0.9447115384615384,26.574324324324326,range_c
21,D,73,215,Y,546,36,192,228,0.4175824175824176,28.36273221992869,range_d
22,C,72,178,Y,1000,369,761,1130,1.13,24.138503086419753,range_c
23,D,70,180,Y,246,5,49,54,0.21951219512195122,25.82448979591837,range_e
24,D,73,195,Y,196,8,45,53,0.27040816326530615,25.724338525051607,range_e
25,C,75,200,Y,1731,549,1249,1798,1.0387059503177354,24.995555555555555,range_c
26,L,74,200,Y,1160,239,262,501,0.43189655172413793,25.675675675675674,range_d
27,R,72,190,Y,1432,708,627,1335,0.9322625698324022,25.76581790123457,range_c
28,R,69,180,Y,544,235,351,586,1.0772058823529411,26.578449905482042,range_c
29,L,75,215,Y,958,319,378,697,0.7275574112734864,26.87022222222222,range_d
30,C,71,177,Y,1474,450,964,1414,0.9592944369063772,24.683792898234476,range_c
31,L,73,195,Y,1089,548,605,1153,1.058769513314968,25.724338525051607,range_c
32,D,74,180,Y,222,12,67,79,0.35585585585585583,23.10810810810811,range_e
33,C,72,185,Y,1487,894,1963,2857,1.921318090114324,25.087770061728396,range_a
34,C,71,196,Y,1188,518,891,1409,1.186026936026936,27.333465582225745,range_c
35,D,70,185,Y,1495,338,894,1232,0.8240802675585285,26.541836734693877,range_c
36,R,72,205,Y,143,38,55,93,0.6503496503496503,27.79996141975309,range_d
37,D,71,185,Y,929,197,545,742,0.798708288482239,25.799444554651853,range_d
38,R,71,205,Y,1269,741,650,1391,1.0961386918833727,28.5885736956953,range_c
39,L,70,195,Y,183,100,106,206,1.1256830601092895,27.976530612244897,range_c
40,L,71,188,Y,132,30,50,80,0.6060606060606061,26.217813925808372,range_d
41,C,67,160,Y,315,54,150,204,0.6476190476190476,25.05680552461573,range_d
42,C,69,165,Y,610,165,272,437,0.7163934426229508,24.363579080025207,range_d
43,R,73,195,Y,1251,601,797,1398,1.1175059952038369,25.724338525051607,range_c
44,R,72,185,Y,1126,560,793,1353,1.2015985790408525,25.087770061728396,range_b
45,C,70,182,Y,865,468,545,1013,1.1710982658959537,26.111428571428572,range_c
46,D,75,218,Y,994,51,278,329,0.33098591549295775,27.245155555555556,range_e
47,C,71,170,Y,921,169,475,644,0.6992399565689468,23.70759769886927,range_d
48,D,72,205,Y,878,171,451,622,0.7084282460136674,27.79996141975309,range_d
49,C,70,176,Y,640,283,387,670,1.046875,25.250612244897958,range_c
50,D,72,190,Y,1205,247,781,1028,0.8531120331950207,25.76581790123457,range_c
51,C,76,230,Y,915,690,1033,1723,1.8830601092896175,27.99342105263158,range_a
52,D,74,200,Y,1254,84,347,431,0.3437001594896332,25.675675675675674,range_e
53,D,73,204,Y,1416,340,934,1274,0.8997175141242938,26.91161568774629,range_c
54,L,72,205,Y,298,143,199,342,1.1476510067114094,27.79996141975309,range_c
55,R,71,195,Y,424,134,250,384,0.9056603773584906,27.19400912517358,range_c
56,C,70,175,Y,373,108,209,317,0.8498659517426274,25.107142857142854,range_c
57,R,72,185,Y,1111,500,506,1006,0.9054905490549054,25.087770061728396,range_c
58,C,74,211,Y,1756,694,1193,1887,1.0746013667425969,27.08783783783784,range_c
59,C,69,169,Y,623,217,396,613,0.9839486356340289,24.95421130014703,range_c
60,C,75,212,Y,1499,561,813,1374,0.9166110740493663,26.49528888888889,range_c
61,R,69,180,Y,1062,502,561,1063,1.0009416195856873,26.578449905482042,range_c
62,D,73,215,Y,1615,288,929,1217,0.7535603715170278,28.36273221992869,range_d
63,C,74,205,Y,421,122,156,278,0.6603325415676959,26.31756756756757,range_d
64,R,73,218,Y,726,395,299,694,0.9559228650137741,28.758491274160257,range_c
65,C,74,209,Y,1257,564,562,1126,0.8957836117740652,26.83108108108108,range_c
66,C,71,190,Y,1337,341,1079,1420,1.06207928197457,26.496726839912714,range_c
67,D,72,198,Y,407,192,467,659,1.6191646191646192,26.850694444444446,range_a
68,D,72,200,Y,999,199,634,833,0.8338338338338338,27.12191358024691,range_c
69,C,73,180,Y,1191,512,814,1326,1.1133501259445844,23.74554325389379,range_c
70,D,72,205,Y,1060,310,742,1052,0.9924528301886792,27.79996141975309,range_c
71,C,73,175,Y,798,337,561,898,1.1253132832080202,23.08594483017452,range_c
72,R,70,195,Y,1652,577,956,1533,0.9279661016949152,27.976530612244897,range_c
73,D,76,225,Y,1384,208,750,958,0.6921965317919075,27.384868421052634,range_d
74,L,73,215,Y,1431,668,726,1394,0.9741439552760307,28.36273221992869,range_c
75,C,71,195,Y,1378,625,1016,1641,1.190856313497823,27.19400912517358,range_c
76,D,73,193,Y,1148,150,637,787,0.6855400696864111,25.460499155563898,range_d
77,C,70,175,Y,1196,473,865,1338,1.1187290969899666,25.107142857142854,range_c
78,D,75,210,Y,833,84,278,362,0.4345738295318127,26.245333333333335,range_d
79,L,75,220,Y,1524,656,698,1354,0.8884514435695539,27.49511111111111,range_c
80,L,70,180,Y,930,424,393,817,0.878494623655914,25.82448979591837,range_c
81,C,72,190,Y,1096,484,637,1121,1.022810218978102,25.76581790123457,range_c
82,C,73,200,Y,977,450,789,1239,1.2681678607983624,26.383936948770877,range_b
83,D,74,215,Y,1635,196,712,908,0.5553516819571865,27.60135135135135,range_d
84,C,77,231,Y,1346,564,785,1349,1.0022288261515602,27.38961038961039,range_c
85,C,71,195,Y,1279,524,901,1425,1.1141516810007819,27.19400912517358,range_c
86,D,73,187,Y,1024,237,590,827,0.8076171875,24.668981047100768,range_c
87,C,70,187,Y,1514,692,1063,1755,1.1591809775429327,26.828775510204082,range_c
88,R,71,191,Y,702,437,342,779,1.1096866096866096,26.636183296964887,range_c
89,D,73,192,Y,1564,264,878,1142,0.7301790281329923,25.328579470820042,range_d
90,R,72,209,Y,1451,684,773,1457,1.0041350792556858,28.342399691358025,range_c
91,D,73,198,Y,1068,152,619,771,0.7219101123595506,26.12009757928317,range_d
92,C,76,240,Y,760,372,493,865,1.138157894736842,29.210526315789473,range_c
93,D,73,194,Y,1263,172,568,740,0.5859065716547902,25.592418840307747,range_d
94,C,72,205,Y,708,249,636,885,1.25,27.79996141975309,range_b
95,D,78,220,Y,1167,157,541,698,0.598114824335904,25.42077580539119,range_d
96,L,70,185,Y,989,402,587,989,1.0,26.541836734693877,range_c
97,R,71,203,Y,1246,444,713,1157,0.9285714285714286,28.309660781590956,range_c
98,R,73,210,Y,1554,625,675,1300,0.8365508365508365,27.70313379620942,range_c
99,R,73,207,Y,1309,525,609,1134,0.8663101604278075,27.307374741977856,range_c
100,R,68,180,Y,1134,391,642,1033,0.9109347442680776,27.3659169550173,range_c
101,L,73,190,Y,1306,393,648,1041,0.7970903522205207,25.064740101332333,range_d
102,C,74,183,Y,1330,240,830,1070,0.8045112781954887,23.493243243243242,range_c
103,D,72,185,N,52,0,3,3,0.057692307692307696,25.087770061728396,range_e
104,D,73,175,N,155,18,47,65,0.41935483870967744,23.08594483017452,range_d
105,D,73,194,N,4,0,0,0,0.0,25.592418840307747,range_e
106,R,73,185,N,109,19,19,38,0.3486238532110092,24.405141677613063,range_e
107,R,73,180,N,13,0,2,2,0.15384615384615385,23.74554325389379,range_e
108,D,74,185,N,32,6,11,17,0.53125,23.75,range_d
109,D,73,190,N,81,0,1,1,0.012345679012345678,25.064740101332333,range_e
110,L,76,196,N,1056,355,388,743,0.7035984848484849,23.85526315789474,range_d
111,C,70,185,N,8,1,2,3,0.375,26.541836734693877,range_e
112,C,68,170,N,1023,226,358,584,0.570869990224829,25.84558823529412,range_d
113,L,72,200,N,544,84,143,227,0.4172794117647059,27.12191358024691,range_d
114,C,71,182,N,4,0,0,0,0.0,25.381075183495337,range_e
115,D,72,190,N,280,14,66,80,0.2857142857142857,25.76581790123457,range_e
116,R,72,180,N,146,31,30,61,0.4178082191780822,24.409722222222225,range_d
117,L,72,185,N,15,3,3,6,0.4,25.087770061728396,range_e
118,R,70,195,N,238,64,93,157,0.6596638655462185,27.976530612244897,range_d
119,R,72,200,N,499,102,166,268,0.5370741482965932,27.12191358024691,range_d
120,D,73,200,N,3,0,0,0,0.0,26.383936948770877,range_e
121,L,74,200,N,14,1,3,4,0.2857142857142857,25.675675675675674,range_e
122,D,74,195,N,952,44,211,255,0.26785714285714285,25.033783783783786,range_e
123,D,70,190,N,19,0,0,0,0.0,27.259183673469387,range_e
124,D,70,175,N,40,0,1,1,0.025,25.107142857142854,range_e
125,R,72,170,N,111,14,16,30,0.2702702702702703,23.053626543209877,range_e
126,R,70,165,N,28,9,7,16,0.5714285714285714,23.672448979591838,range_d
127,R,70,174,N,56,12,21,33,0.5892857142857143,24.963673469387757,range_d
128,R,74,185,N,456,72,103,175,0.38377192982456143,23.75,range_e
129,R,71,200,N,814,282,349,631,0.7751842751842751,27.891291410434434,range_d
130,L,73,225,N,400,50,59,109,0.2725,29.681929067367236,range_e
131,C,69,170,N,258,41,71,112,0.43410852713178294,25.101869355177485,range_d
132,D,72,180,N,22,0,2,2,0.09090909090909091,24.409722222222225,range_e
133,D,73,200,N,255,11,51,62,0.24313725490196078,26.383936948770877,range_e
134,D,75,210,N,519,22,99,121,0.23314065510597304,26.245333333333335,range_e
135,D,74,200,N,172,10,41,51,0.29651162790697677,25.675675675675674,range_e
136,R,71,181,N,761,95,169,264,0.3469119579500657,25.241618726443164,range_e
137,D,71,195,N,83,1,6,7,0.08433734939759036,27.19400912517358,range_e
138,L,68,160,N,3,0,0,0,0.0,24.325259515570938,range_e
139,D,70,180,N,270,15,67,82,0.3037037037037037,25.82448979591837,range_e
140,R,71,170,N,301,60,51,111,0.3687707641196013,23.70759769886927,range_e
141,D,72,175,N,622,17,117,134,0.21543408360128619,23.731674382716047,range_e
142,C,74,195,N,8,0,0,0,0.0,25.033783783783786,range_e
143,C,70,165,N,204,64,78,142,0.696078431372549,23.672448979591838,range_d
144,L,71,192,N,502,93,157,250,0.49800796812749004,26.775639754017064,range_d
145,C,72,185,N,153,19,36,55,0.35947712418300654,25.087770061728396,range_e
146,D,72,190,N,10,0,2,2,0.2,25.76581790123457,range_e
147,D,69,160,N,12,0,1,1,0.08333333333333333,23.625288804872927,range_e
148,L,70,180,N,210,62,50,112,0.5333333333333333,25.82448979591837,range_d
149,D,75,195,N,1,0,0,0,0.0,24.370666666666665,range_e
150,C,68,165,N,87,10,15,25,0.28735632183908044,25.085423875432525,range_e
151,L,76,235,N,183,3,5,8,0.04371584699453552,28.601973684210527,range_e
152,L,70,165,N,7,0,0,0,0.0,23.672448979591838,range_e
153,C,72,185,N,727,183,423,606,0.8335625859697386,25.087770061728396,range_c
154,D,69,175,N,150,9,41,50,0.3333333333333333,25.84015963032976,range_e
155,D,74,195,N,17,0,0,0,0.0,25.033783783783786,range_e
156,D,69,175,N,148,4,33,37,0.25,25.84015963032976,range_e
157,R,68,165,N,12,0,1,1,0.08333333333333333,25.085423875432525,range_e
158,C,73,211,N,323,57,67,124,0.38390092879256965,27.83505348095327,range_e
159,R,71,175,N,16,1,2,3,0.1875,24.404879984130133,range_e
160,C,76,215,N,268,44,46,90,0.3358208955223881,26.167763157894736,range_e
161,C,72,175,N,4,0,0,0,0.0,23.731674382716047,range_e
162,L,74,195,N,1,0,1,1,1.0,25.033783783783786,range_c
163,C,72,185,N,604,155,253,408,0.6754966887417219,25.087770061728396,range_d
164,R,69,165,N,3,0,0,0,0.0,24.363579080025207,range_e
165,D,71,188,N,430,30,171,201,0.46744186046511627,26.217813925808372,range_d
166,L,72,185,N,539,159,191,350,0.6493506493506493,25.087770061728396,range_d
167,C,69,175,N,3,0,0,0,0.0,25.84015963032976,range_e
168,D,72,185,N,164,11,46,57,0.3475609756097561,25.087770061728396,range_e
169,D,72,175,N,20,0,3,3,0.15,23.731674382716047,range_e
170,D,71,198,N,64,4,5,9,0.140625,27.612378496330095,range_e
171,L,72,190,N,61,7,10,17,0.2786885245901639,25.76581790123457,range_e
172,C,71,170,N,11,1,0,1,0.09090909090909091,23.70759769886927,range_e
173,L,73,188,N,730,149,189,338,0.46301369863013697,24.800900731844624,range_d
174,R,70,183,N,401,109,90,199,0.49625935162094764,26.254897959183673,range_d
175,D,77,210,N,80,1,8,9,0.1125,24.89964580873672,range_e
176,D,70,191,N,1,0,0,0,0.0,27.40265306122449,range_e
177,L,75,206,N,201,30,47,77,0.38308457711442784,25.745422222222224,range_e
178,C,73,185,N,188,40,56,96,0.5106382978723404,24.405141677613063,range_d
179,D,74,200,N,273,23,44,67,0.2454212454212454,25.675675675675674,range_e
180,R,70,183,N,2,0,0,0,0.0,26.254897959183673,range_e
181,D,70,190,N,74,3,9,12,0.16216216216216217,27.259183673469387,range_e
182,L,73,210,N,998,284,345,629,0.6302605210420842,27.70313379620942,range_d
183,C,68,172,N,144,35,49,84,0.5833333333333334,26.149653979238757,range_d
184,R,74,205,N,2,0,1,1,0.5,26.31756756756757,range_d
185,C,72,185,N,247,53,49,102,0.41295546558704455,25.087770061728396,range_d
186,L,68,165,N,458,121,267,388,0.8471615720524017,25.085423875432525,range_c
187,L,70,180,N,16,0,0,0,0.0,25.82448979591837,range_e
188,L,69,178,N,88,11,17,28,0.3181818181818182,26.28313379542113,range_e
189,C,68,165,N,69,11,31,42,0.6086956521739131,25.085423875432525,range_d
190,C,69,160,N,6,1,0,1,0.16666666666666666,23.625288804872927,range_e
191,R,72,192,N,22,1,5,6,0.2727272727272727,26.037037037037035,range_e
192,L,73,175,N,3,0,0,0,0.0,23.08594483017452,range_e
193,C,72,185,N,69,18,13,31,0.4492753623188406,25.087770061728396,range_d
194,C,70,170,N,201,24,26,50,0.24875621890547264,24.389795918367348,range_e
195,D,73,190,N,6,0,3,3,0.5,25.064740101332333,range_d
196,R,68,191,N,735,260,249,509,0.6925170068027211,29.038278546712803,range_d
197,D,72,190,N,129,1,14,15,0.11627906976744186,25.76581790123457,range_e
198,D,73,185,N,263,14,55,69,0.2623574144486692,24.405141677613063,range_e
199,D,74,211,N,10,0,2,2,0.2,27.08783783783784,range_e
200,L,74,190,N,21,2,5,7,0.3333333333333333,24.39189189189189,range_e
201,D,73,222,N,2,0,0,0,0.0,29.28617001313567,range_e
202,C,72,195,N,403,71,79,150,0.37220843672456577,26.44386574074074,range_e
204,D,72,195,N,26,2,8,10,0.38461538461538464,26.44386574074074,range_e
205,R,71,191,N,519,192,246,438,0.8439306358381503,26.636183296964887,range_c
206,D,73,225,N,1195,142,581,723,0.605020920502092,29.681929067367236,range_d
207,R,70,175,N,18,1,6,7,0.3888888888888889,25.107142857142854,range_e
208,D,74,200,N,40,1,3,4,0.1,25.675675675675674,range_e
209,D,73,195,N,143,7,25,32,0.22377622377622378,25.724338525051607,range_e
210,L,73,205,N,20,0,2,2,0.1,27.043535372490147,range_e
211,D,73,195,N,2,0,1,1,0.5,25.724338525051607,range_d
212,R,74,200,N,10,2,0,2,0.2,25.675675675675674,range_e
213,L,75,215,N,6,0,2,2,0.3333333333333333,26.87022222222222,range_e
214,R,71,190,N,26,3,6,9,0.34615384615384615,26.496726839912714,range_e
215,D,74,190,N,2,0,0,0,0.0,24.39189189189189,range_e
216,L,74,205,N,115,25,32,57,0.4956521739130435,26.31756756756757,range_d
217,C,70,180,N,6,2,2,4,0.6666666666666666,25.82448979591837,range_d
218,C,74,178,N,11,0,2,2,0.18181818181818182,22.85135135135135,range_e
219,D,75,236,N,988,35,94,129,0.1305668016194332,29.494755555555557,range_e
220,L,72,205,N,27,2,0,2,0.07407407407407407,27.79996141975309,range_e
221,R,71,190,N,1,0,0,0,0.0,26.496726839912714,range_e
222,D,72,190,N,156,6,38,44,0.28205128205128205,25.76581790123457,range_e
223,R,73,195,N,614,128,204,332,0.5407166123778502,25.724338525051607,range_d
224,D,71,195,N,745,25,123,148,0.19865771812080538,27.19400912517358,range_e
225,D,73,210,N,488,20,77,97,0.1987704918032787,27.70313379620942,range_e
226,D,72,200,N,41,0,1,1,0.024390243902439025,27.12191358024691,range_e
227,L,70,190,N,765,88,144,232,0.3032679738562091,27.259183673469387,range_e
228,C,72,200,N,184,19,45,64,0.34782608695652173,27.12191358024691,range_e
229,C,71,170,N,218,24,40,64,0.29357798165137616,23.70759769886927,range_e
230,L,72,195,N,190,31,38,69,0.3631578947368421,26.44386574074074,range_e
231,D,73,185,N,224,3,28,31,0.13839285714285715,24.405141677613063,range_e
232,R,70,185,N,146,40,30,70,0.4794520547945205,26.541836734693877,range_d
233,C,69,165,N,8,0,0,0,0.0,24.363579080025207,range_e
234,D,74,222,N,67,3,11,14,0.208955223880597,28.5,range_e
235,L,73,195,N,9,0,1,1,0.1111111111111111,25.724338525051607,range_e
236,R,72,200,N,447,69,58,127,0.2841163310961969,27.12191358024691,range_e
237,C,72,173,N,153,22,50,72,0.47058823529411764,23.460455246913583,range_d
238,L,73,205,N,696,13,41,54,0.07758620689655173,27.043535372490147,range_e
239,L,71,190,N,53,9,11,20,0.37735849056603776,26.496726839912714,range_e
240,L,75,212,N,145,39,38,77,0.5310344827586206,26.49528888888889,range_d
241,L,70,175,N,5,1,0,1,0.2,25.107142857142854,range_e
242,C,71,185,N,465,79,136,215,0.46236559139784944,25.799444554651853,range_d
243,C,74,214,N,61,6,1,7,0.11475409836065574,27.472972972972972,range_e
244,D,71,200,N,472,48,121,169,0.3580508474576271,27.891291410434434,range_e
245,C,71,180,N,26,3,4,7,0.2692307692307692,25.102162269390995,range_e
246,L,74,185,N,6,1,0,1,0.16666666666666666,23.75,range_e
247,L,70,200,N,25,1,1,2,0.08,28.693877551020407,range_e
248,R,71,180,N,4,0,2,2,0.5,25.102162269390995,range_d
249,D,74,215,N,3,0,0,0,0.0,27.60135135135135,range_e
250,D,71,180,N,11,0,0,0,0.0,25.102162269390995,range_e
251,L,76,215,N,15,1,1,2,0.13333333333333333,26.167763157894736,range_e
252,D,75,208,N,258,28,79,107,0.41472868217054265,25.995377777777776,range_d
253,L,74,195,N,250,94,116,210,0.84,25.033783783783786,range_c
254,D,75,216,N,615,104,251,355,0.5772357723577236,26.995199999999997,range_d
255,D,70,195,N,100,2,18,20,0.2,27.976530612244897,range_e
256,R,75,195,N,580,152,182,334,0.5758620689655173,24.370666666666665,range_d
257,R,73,190,N,9,0,1,1,0.1111111111111111,25.064740101332333,range_e
258,C,72,190,N,44,3,5,8,0.18181818181818182,25.76581790123457,range_e
259,D,74,217,N,549,37,112,149,0.27140255009107467,27.85810810810811,range_e
260,L,77,235,N,31,4,7,11,0.3548387096774194,27.863889357395852,range_e
261,D,71,180,N,109,13,32,45,0.41284403669724773,25.102162269390995,range_d
262,D,72,180,N,605,52,191,243,0.40165289256198344,24.409722222222225,range_d
263,L,71,210,N,1188,485,537,1022,0.8602693602693603,29.28585598095616,range_c
264,D,73,190,N,209,12,64,76,0.36363636363636365,25.064740101332333,range_e
265,D,72,195,N,568,63,233,296,0.5211267605633803,26.44386574074074,range_d
266,C,75,185,N,14,11,5,16,1.1428571428571428,23.120888888888892,range_c
267,L,70,194,N,863,222,321,543,0.6292004634994206,27.833061224489796,range_d
268,L,73,205,N,546,55,67,122,0.22344322344322345,27.043535372490147,range_e
269,C,71,175,N,10,0,0,0,0.0,24.404879984130133,range_e
270,C,74,190,N,378,61,75,136,0.35978835978835977,24.39189189189189,range_e
271,D,73,214,N,1191,36,145,181,0.15197313182199831,28.230812535184835,range_e
272,R,70,170,N,229,80,58,138,0.6026200873362445,24.389795918367348,range_d
273,D,73,185,N,2,0,0,0,0.0,24.405141677613063,range_e
274,L,70,175,N,130,28,39,67,0.5153846153846153,25.107142857142854,range_d
275,D,72,195,N,30,3,1,4,0.13333333333333333,26.44386574074074,range_e
276,R,72,185,N,22,2,5,7,0.3181818181818182,25.087770061728396,range_e
277,R,75,194,N,182,17,26,43,0.23626373626373626,24.24568888888889,range_e
278,L,73,205,N,1054,61,98,159,0.150853889943074,27.043535372490147,range_e
279,D,74,190,N,241,4,28,32,0.13278008298755187,24.39189189189189,range_e
280,D,74,200,N,246,21,44,65,0.26422764227642276,25.675675675675674,range_e
281,C,73,190,N,300,78,118,196,0.6533333333333333,25.064740101332333,range_d
282,C,73,190,N,121,10,33,43,0.35537190082644626,25.064740101332333,range_e
283,L,71,185,N,17,0,2,2,0.11764705882352941,25.799444554651853,range_e
284,L,69,175,N,55,8,10,18,0.32727272727272727,25.84015963032976,range_e
285,D,74,185,N,498,18,94,112,0.2248995983935743,23.75,range_e
286,R,70,180,N,276,68,41,109,0.39492753623188404,25.82448979591837,range_e
287,D,77,230,N,804,30,129,159,0.19776119402985073,27.271040647664023,range_e
288,C,68,185,N,12,2,0,2,0.16666666666666666,28.126081314878896,range_e
289,R,71,195,N,32,0,1,1,0.03125,27.19400912517358,range_e
290,L,74,205,N,12,2,1,3,0.25,26.31756756756757,range_e
291,L,73,220,N,9,0,1,1,0.1111111111111111,29.022330643647965,range_e
292,L,72,180,N,5,0,0,0,0.0,24.409722222222225,range_e
293,L,73,185,N,317,76,68,144,0.45425867507886436,24.405141677613063,range_d
294,L,71,210,N,352,58,57,115,0.32670454545454547,29.28585598095616,range_e
295,R,70,185,N,34,2,4,6,0.17647058823529413,26.541836734693877,range_e
296,R,73,178,N,548,110,124,234,0.42700729927007297,23.48170388440608,range_d
297,C,69,170,N,10,1,3,4,0.4,25.101869355177485,range_e
298,L,75,197,N,22,3,1,4,0.18181818181818182,24.620622222222224,range_e
299,D,73,195,N,610,73,197,270,0.4426229508196721,25.724338525051607,range_d
300,C,70,170,N,147,32,54,86,0.5850340136054422,24.389795918367348,range_d
301,R,72,190,N,72,13,9,22,0.3055555555555556,25.76581790123457,range_e
302,R,73,196,N,343,70,84,154,0.4489795918367347,25.856258209795456,range_d
303,D,74,205,N,43,3,6,9,0.20930232558139536,26.31756756756757,range_e
304,D,72,200,N,243,4,53,57,0.2345679012345679,27.12191358024691,range_e
305,R,74,195,N,326,96,125,221,0.6779141104294478,25.033783783783786,range_d
306,D,75,205,N,250,7,34,41,0.164,25.620444444444445,range_e
307,L,74,200,N,4,0,0,0,0.0,25.675675675675674,range_e
308,D,74,210,N,1071,106,422,528,0.49299719887955185,26.95945945945946,range_d
309,R,73,200,N,1081,503,389,892,0.8251618871415356,26.383936948770877,range_c
310,C,70,185,N,8,2,1,3,0.375,26.541836734693877,range_e
311,R,69,172,N,46,5,7,12,0.2608695652173913,25.397185465238394,range_e
312,D,74,190,N,10,0,0,0,0.0,24.39189189189189,range_e
313,D,71,190,N,83,4,14,18,0.21686746987951808,26.496726839912714,range_e
314,D,72,190,N,23,1,2,3,0.13043478260869565,25.76581790123457,range_e
315,C,72,190,N,1052,361,505,866,0.8231939163498099,25.76581790123457,range_c
316,D,73,200,N,6,0,0,0,0.0,26.383936948770877,range_e
317,R,69,180,N,102,22,19,41,0.4019607843137255,26.578449905482042,range_d
318,R,73,175,N,519,97,126,223,0.4296724470134875,23.08594483017452,range_d
319,R,69,162,N,183,33,56,89,0.48633879781420764,23.920604914933836,range_d
320,C,69,175,N,170,25,39,64,0.3764705882352941,25.84015963032976,range_e
321,C,72,185,N,1009,229,348,577,0.5718533201189296,25.087770061728396,range_d
322,D,75,190,N,501,28,93,121,0.24151696606786427,23.745777777777775,range_e
323,L,69,180,N,1,0,0,0,0.0,26.578449905482042,range_e
324,D,74,205,N,595,24,82,106,0.1781512605042017,26.31756756756757,range_e
325,C,69,170,N,141,28,42,70,0.49645390070921985,25.101869355177485,range_d
326,L,70,175,N,553,146,191,337,0.6094032549728752,25.107142857142854,range_d
327,R,72,186,N,71,9,15,24,0.3380281690140845,25.22337962962963,range_e
328,C,75,200,N,964,258,324,582,0.6037344398340249,24.995555555555555,range_d
329,L,68,175,N,756,171,282,453,0.5992063492063492,26.605752595155707,range_d
330,D,76,220,N,290,16,54,70,0.2413793103448276,26.77631578947368,range_e
331,D,72,200,N,288,27,83,110,0.3819444444444444,27.12191358024691,range_e
332,D,76,220,N,32,4,10,14,0.4375,26.77631578947368,range_d
333,L,70,185,N,59,3,25,28,0.4745762711864407,26.541836734693877,range_d
334,L,73,196,N,477,88,111,199,0.4171907756813417,25.856258209795456,range_d
335,R,73,185,N,173,18,37,55,0.3179190751445087,24.405141677613063,range_e
336,D,71,200,N,257,20,67,87,0.33852140077821014,27.891291410434434,range_e
337,C,69,169,N,1,0,0,0,0.0,24.95421130014703,range_e
338,D,72,185,N,94,4,14,18,0.19148936170212766,25.087770061728396,range_e
339,C,74,200,N,89,9,22,31,0.34831460674157305,25.675675675675674,range_e
340,L,70,185,N,144,16,25,41,0.2847222222222222,26.541836734693877,range_e
341,L,71,180,N,641,164,167,331,0.516380655226209,25.102162269390995,range_d
342,R,70,200,N,141,9,17,26,0.18439716312056736,28.693877551020407,range_e
343,C,68,160,N,145,15,35,50,0.3448275862068966,24.325259515570938,range_e
344,C,70,180,N,651,182,321,503,0.7726574500768049,25.82448979591837,range_d
345,D,71,190,N,68,1,13,14,0.20588235294117646,26.496726839912714,range_e
346,C,68,172,N,348,64,142,206,0.5919540229885057,26.149653979238757,range_d
347,L,75,210,N,8,0,1,1,0.125,26.245333333333335,range_e
348,L,72,190,N,8,0,0,0,0.0,25.76581790123457,range_e
349,L,71,200,N,385,82,140,222,0.5766233766233766,27.891291410434434,range_d
350,C,72,190,N,977,252,449,701,0.7175025588536336,25.76581790123457,range_d
351,R,71,185,N,543,190,248,438,0.8066298342541437,25.799444554651853,range_c
352,R,71,195,N,447,69,97,166,0.3713646532438479,27.19400912517358,range_e
353,D,72,185,N,1,0,0,0,0.0,25.087770061728396,range_e
354,D,69,180,N,81,4,30,34,0.41975308641975306,26.578449905482042,range_d
355,D,74,204,N,747,154,430,584,0.7817938420348058,26.18918918918919,range_d
356,R,68,168,N,70,7,18,25,0.35714285714285715,25.541522491349482,range_e
357,D,74,210,N,440,7,50,57,0.12954545454545455,26.95945945945946,range_e
358,D,76,210,N,3,0,1,1,0.3333333333333333,25.559210526315788,range_e
359,R,77,220,N,729,45,52,97,0.13305898491083676,26.085343228200372,range_e
360,D,73,192,N,876,68,274,342,0.3904109589041096,25.328579470820042,range_e
361,D,74,200,N,7,0,1,1,0.14285714285714285,25.675675675675674,range_e
362,D,74,195,N,494,39,162,201,0.4068825910931174,25.033783783783786,range_d
363,D,74,190,N,128,12,31,43,0.3359375,24.39189189189189,range_e
364,L,74,207,N,178,16,9,25,0.1404494382022472,26.574324324324326,range_e
365,C,70,175,N,1099,289,634,923,0.8398544131028207,25.107142857142854,range_c
366,C,70,180,N,748,186,329,515,0.6885026737967914,25.82448979591837,range_d
367,D,71,200,N,256,17,101,118,0.4609375,27.891291410434434,range_d
368,R,71,190,N,234,48,39,87,0.3717948717948718,26.496726839912714,range_e
369,C,71,180,N,15,2,2,4,0.26666666666666666,25.102162269390995,range_e
370,R,71,185,N,854,160,214,374,0.4379391100702576,25.799444554651853,range_d
371,R,74,200,N,1182,105,204,309,0.2614213197969543,25.675675675675674,range_e
372,L,70,203,N,539,101,161,262,0.48608534322820035,29.124285714285712,range_d
373,C,73,205,N,1484,452,732,1184,0.7978436657681941,27.043535372490147,range_d
374,R,71,190,N,322,46,55,101,0.3136645962732919,26.496726839912714,range_e
375,R,71,185,N,27,2,4,6,0.2222222222222222,25.799444554651853,range_e
376,D,74,197,N,1009,98,322,420,0.41625371655104065,25.29054054054054,range_d
377,L,73,200,N,70,5,6,11,0.15714285714285714,26.383936948770877,range_e
378,C,71,185,N,19,4,2,6,0.3157894736842105,25.799444554651853,range_e
379,L,73,210,N,1,0,0,0,0.0,27.70313379620942,range_e
380,D,72,180,N,79,5,22,27,0.34177215189873417,24.409722222222225,range_e
381,C,72,195,N,727,329,345,674,0.9270976616231087,26.44386574074074,range_c
382,L,73,192,N,414,101,113,214,0.5169082125603864,25.328579470820042,range_d
383,C,73,203,N,567,55,83,138,0.24338624338624337,26.779696003002442,range_e
384,D,74,210,N,737,37,115,152,0.2062415196743555,26.95945945945946,range_e
385,L,73,190,N,11,2,2,4,0.36363636363636365,25.064740101332333,range_e
386,L,73,205,N,878,181,259,440,0.5011389521640092,27.043535372490147,range_d
387,L,69,188,N,706,199,251,450,0.6373937677053825,27.75971434572569,range_d
388,D,73,190,N,724,29,135,164,0.2265193370165746,25.064740101332333,range_e
389,L,72,205,N,8,1,0,1,0.125,27.79996141975309,range_e
390,D,73,206,N,556,19,63,82,0.1474820143884892,27.175455057234,range_e
391,D,75,200,N,143,3,23,26,0.18181818181818182,24.995555555555555,range_e
392,R,71,180,N,6,0,3,3,0.5,25.102162269390995,range_d
393,D,72,205,N,897,48,158,206,0.22965440356744704,27.79996141975309,range_e
394,L,73,180,N,85,6,8,14,0.16470588235294117,23.74554325389379,range_e
395,R,71,155,N,641,99,120,219,0.3416536661466459,21.61575084308669,range_e
396,D,70,185,N,72,1,4,5,0.06944444444444445,26.541836734693877,range_e
397,D,73,180,N,4,0,0,0,0.0,23.74554325389379,range_e
398,R,73,180,N,21,2,3,5,0.23809523809523808,23.74554325389379,range_e
399,C,70,180,N,377,47,99,146,0.38726790450928383,25.82448979591837,range_e
400,L,71,170,N,43,3,4,7,0.16279069767441862,23.70759769886927,range_e
401,R,73,200,N,279,28,43,71,0.25448028673835127,26.383936948770877,range_e
402,L,74,204,N,5,0,0,0,0.0,26.18918918918919,range_e
403,C,71,180,N,70,12,21,33,0.4714285714285714,25.102162269390995,range_d
404,D,69,175,N,36,1,2,3,0.08333333333333333,25.84015963032976,range_e
405,D,72,185,N,184,3,34,37,0.20108695652173914,25.087770061728396,range_e
406,L,68,175,N,42,6,3,9,0.21428571428571427,26.605752595155707,range_e
407,L,71,186,N,137,12,5,17,0.12408759124087591,25.938901011704026,range_e
408,D,73,180,N,2,0,0,0,0.0,23.74554325389379,range_e
409,C,71,182,N,160,56,89,145,0.90625,25.381075183495337,range_c
410,R,74,185,N,39,6,2,8,0.20512820512820512,23.75,range_e
411,R,73,188,N,109,22,29,51,0.46788990825688076,24.800900731844624,range_d
412,L,73,195,N,46,10,4,14,0.30434782608695654,25.724338525051607,range_e
413,D,72,170,N,341,44,80,124,0.36363636363636365,23.053626543209877,range_e
414,D,74,210,N,3,0,0,0,0.0,26.95945945945946,range_e
415,C,70,175,N,5,0,0,0,0.0,25.107142857142854,range_e
416,D,73,205,N,282,11,44,55,0.1950354609929078,27.043535372490147,range_e
417,C,72,185,N,168,25,28,53,0.31547619047619047,25.087770061728396,range_e
418,L,71,190,N,3,0,0,0,0.0,26.496726839912714,range_e
419,D,69,190,N,636,25,103,128,0.20125786163522014,28.0550304557866,range_e
420,D,75,205,N,80,4,21,25,0.3125,25.620444444444445,range_e
421,D,76,220,N,213,9,27,36,0.16901408450704225,26.77631578947368,range_e
422,D,73,185,N,2,0,0,0,0.0,24.405141677613063,range_e
423,D,74,210,N,6,0,0,0,0.0,26.95945945945946,range_e
424,L,74,190,N,104,17,38,55,0.5288461538461539,24.39189189189189,range_d
425,D,75,210,N,858,42,188,230,0.2680652680652681,26.245333333333335,range_e
426,R,69,155,N,1,0,0,0,0.0,22.886998529720646,range_e
427,C,75,180,N,52,9,12,21,0.40384615384615385,22.496000000000002,range_d
428,L,75,205,N,236,30,15,45,0.1906779661016949,25.620444444444445,range_e
429,D,75,200,N,113,7,11,18,0.1592920353982301,24.995555555555555,range_e
430,C,71,185,N,104,7,26,33,0.3173076923076923,25.799444554651853,range_e
431,D,70,200,N,1055,148,499,647,0.6132701421800948,28.693877551020407,range_d
432,R,73,190,N,535,155,241,396,0.7401869158878505,25.064740101332333,range_d
433,R,68,160,N,2,0,0,0,0.0,24.325259515570938,range_e
434,L,73,200,N,421,80,99,179,0.4251781472684085,26.383936948770877,range_d
435,D,73,210,N,220,13,60,73,0.33181818181818185,27.70313379620942,range_e
436,C,72,200,N,1178,320,408,728,0.6179966044142614,27.12191358024691,range_d
437,C,73,200,N,626,275,286,561,0.8961661341853036,26.383936948770877,range_c
438,D,73,190,N,366,16,74,90,0.2459016393442623,25.064740101332333,range_e
439,C,72,185,N,131,20,34,54,0.4122137404580153,25.087770061728396,range_d
440,C,70,190,N,322,30,54,84,0.2608695652173913,27.259183673469387,range_e
441,R,73,205,N,2,0,0,0,0.0,27.043535372490147,range_e
442,L,70,181,N,244,40,50,90,0.36885245901639346,25.967959183673468,range_e
443,L,70,195,N,509,93,181,274,0.5383104125736738,27.976530612244897,range_d
444,L,73,208,N,893,260,463,723,0.8096304591265397,27.439294426721712,range_c
445,C,71,178,N,1015,204,528,732,0.7211822660098522,24.82324935528665,range_d
446,C,74,195,N,373,66,80,146,0.3914209115281501,25.033783783783786,range_e
447,R,74,205,N,9,0,1,1,0.1111111111111111,26.31756756756757,range_e
448,R,76,237,N,208,5,8,13,0.0625,28.845394736842103,range_e
449,D,73,202,N,564,56,177,233,0.41312056737588654,26.647776318258586,range_d
450,L,73,215,N,593,114,159,273,0.46037099494097805,28.36273221992869,range_d
451,D,71,176,N,36,4,13,17,0.4722222222222222,24.544336441182306,range_d
452,R,71,180,N,23,1,6,7,0.30434782608695654,25.102162269390995,range_e
453,L,73,190,N,126,15,16,31,0.24603174603174602,25.064740101332333,range_e
454,R,73,212,N,596,115,122,237,0.3976510067114094,27.96697316569713,range_e
455,C,74,200,N,508,84,228,312,0.6141732283464567,25.675675675675674,range_d
456,L,70,189,N,49,5,4,9,0.1836734693877551,27.115714285714283,range_e
457,R,71,190,N,402,106,125,231,0.5746268656716418,26.496726839912714,range_d
458,D,70,183,N,14,0,5,5,0.35714285714285715,26.254897959183673,range_e
459,D,71,190,N,93,3,9,12,0.12903225806451613,26.496726839912714,range_e
460,D,74,210,N,625,50,185,235,0.376,26.95945945945946,range_e
461,R,72,195,N,71,9,13,22,0.30985915492957744,26.44386574074074,range_e
462,C,70,170,N,729,221,309,530,0.7270233196159122,24.389795918367348,range_d
463,D,75,200,N,1,0,0,0,0.0,24.995555555555555,range_e
464,D,74,210,N,420,28,64,92,0.21904761904761905,26.95945945945946,range_e
465,C,69,170,N,1,0,0,0,0.0,25.101869355177485,range_e
466,D,76,215,N,262,3,22,25,0.09541984732824428,26.167763157894736,range_e
467,D,73,205,N,751,93,305,398,0.5299600532623169,27.043535372490147,range_d
468,R,68,185,N,51,9,7,16,0.3137254901960784,28.126081314878896,range_e
469,C,71,182,N,578,205,370,575,0.9948096885813149,25.381075183495337,range_c
470,D,72,190,N,412,15,101,116,0.2815533980582524,25.76581790123457,range_e
471,D,72,200,N,210,8,27,35,0.16666666666666666,27.12191358024691,range_e
472,D,75,210,N,828,64,211,275,0.3321256038647343,26.245333333333335,range_e
473,C,73,180,N,248,77,64,141,0.5685483870967742,23.74554325389379,range_d
474,C,71,186,N,83,22,24,46,0.5542168674698795,25.938901011704026,range_d
475,R,73,205,N,488,26,45,71,0.14549180327868852,27.043535372490147,range_e
476,R,71,185,N,68,11,12,23,0.3382352941176471,25.799444554651853,range_e
477,R,71,192,N,31,1,2,3,0.0967741935483871,26.775639754017064,range_e
478,D,71,195,N,106,0,8,8,0.07547169811320754,27.19400912517358,range_e
479,R,72,180,N,1009,340,433,773,0.7661050545094152,24.409722222222225,range_d
480,D,73,191,N,241,4,18,22,0.0912863070539419,25.196659786076186,range_e
481,L,72,190,N,103,16,16,32,0.3106796116504854,25.76581790123457,range_e
482,R,74,190,N,26,5,5,10,0.38461538461538464,24.39189189189189,range_e
483,L,71,197,N,793,330,234,564,0.7112232030264817,27.47292203927792,range_d
484,L,73,180,N,1,0,0,0,0.0,23.74554325389379,range_e
485,D,73,195,N,4,0,1,1,0.25,25.724338525051607,range_e
486,R,70,180,N,8,0,1,1,0.125,25.82448979591837,range_e
487,D,72,185,N,5,0,2,2,0.4,25.087770061728396,range_e
488,C,73,194,N,719,148,208,356,0.4951321279554937,25.592418840307747,range_d
489,R,70,185,N,318,146,198,344,1.0817610062893082,26.541836734693877,range_c
490,L,74,195,N,19,1,2,3,0.15789473684210525,25.033783783783786,range_e
491,C,68,157,N,34,8,9,17,0.5,23.86916089965398,range_d
492,R,68,171,N,5,1,0,1,0.2,25.997621107266433,range_e
493,D,72,210,N,411,17,72,89,0.21654501216545013,28.47800925925926,range_e
494,C,68,190,N,564,98,141,239,0.4237588652482269,28.886245674740483,range_d
495,R,71,201,N,458,17,36,53,0.11572052401746726,28.03074786748661,range_e
496,D,73,195,N,32,0,2,2,0.0625,25.724338525051607,range_e
497,R,71,185,N,318,58,60,118,0.3710691823899371,25.799444554651853,range_e
498,L,68,190,N,521,63,76,139,0.2667946257197697,28.886245674740483,range_e
499,L,73,190,N,352,94,134,228,0.6477272727272727,25.064740101332333,range_d
500,R,73,175,N,278,61,69,130,0.4676258992805755,23.08594483017452,range_d
501,R,72,190,N,78,18,18,36,0.46153846153846156,25.76581790123457,range_d
502,R,74,200,N,89,9,22,31,0.34831460674157305,25.675675675675674,range_e
503,C,70,178,N,68,17,21,38,0.5588235294117647,25.537551020408163,range_d
504,D,72,197,N,100,2,13,15,0.15,26.715084876543212,range_e
505,L,72,200,N,47,4,5,9,0.19148936170212766,27.12191358024691,range_e
506,L,70,188,N,49,8,7,15,0.30612244897959184,26.972244897959186,range_e
507,L,73,195,N,280,48,40,88,0.3142857142857143,25.724338525051607,range_e
508,C,72,222,N,720,97,103,200,0.2777777777777778,30.105324074074076,range_e
509,L,73,202,N,1156,273,420,693,0.5994809688581315,26.647776318258586,range_d
510,D,74,195,N,51,2,10,12,0.23529411764705882,25.033783783783786,range_e
511,R,69,185,N,64,8,6,14,0.21875,27.31674018063432,range_e
512,C,72,175,N,12,2,2,4,0.3333333333333333,23.731674382716047,range_e
513,C,71,175,N,11,1,1,2,0.18181818181818182,24.404879984130133,range_e
514,D,72,200,N,119,2,18,20,0.16806722689075632,27.12191358024691,range_e
515,L,70,203,N,696,103,190,293,0.4209770114942529,29.124285714285712,range_d
516,C,71,170,N,15,0,0,0,0.0,23.70759769886927,range_e
517,D,71,195,N,1171,122,313,435,0.37147736976942786,27.19400912517358,range_e
518,R,70,170,N,581,139,228,367,0.6316695352839932,24.389795918367348,range_d
519,D,72,185,N,13,0,1,1,0.07692307692307693,25.087770061728396,range_e
520,R,71,187,N,121,17,20,37,0.30578512396694213,26.0783574687562,range_e
521,C,74,205,N,33,4,5,9,0.2727272727272727,26.31756756756757,range_e
522,R,72,195,N,22,2,5,7,0.3181818181818182,26.44386574074074,range_e
523,L,73,195,N,1048,367,432,799,0.7624045801526718,25.724338525051607,range_d
524,R,71,185,N,1029,297,447,744,0.7230320699708455,25.799444554651853,range_d
525,L,76,210,N,235,14,31,45,0.19148936170212766,25.559210526315788,range_e
526,R,73,188,N,423,71,97,168,0.3971631205673759,24.800900731844624,range_e
527,L,75,190,N,1071,266,493,759,0.7086834733893558,23.745777777777775,range_d
528,R,71,180,N,246,71,71,142,0.5772357723577236,25.102162269390995,range_d
529,L,71,185,N,176,19,31,50,0.2840909090909091,25.799444554651853,range_e
530,L,72,185,N,26,2,1,3,0.11538461538461539,25.087770061728396,range_e
531,C,77,220,N,708,187,216,403,0.5692090395480226,26.085343228200372,range_d
532,R,71,190,N,475,55,68,123,0.25894736842105265,26.496726839912714,range_e
533,D,74,190,N,914,105,359,464,0.5076586433260394,24.39189189189189,range_d
534,R,72,190,N,662,223,271,494,0.7462235649546828,25.76581790123457,range_d
535,D,74,225,N,292,3,18,21,0.07191780821917808,28.885135135135133,range_e
536,L,74,195,N,22,2,1,3,0.13636363636363635,25.033783783783786,range_e
537,C,70,180,N,621,187,363,550,0.8856682769726248,25.82448979591837,range_c
538,R,76,220,N,150,9,7,16,0.10666666666666667,26.77631578947368,range_e
539,R,72,205,N,660,139,172,311,0.4712121212121212,27.79996141975309,range_d
540,R,72,180,N,243,47,51,98,0.40329218106995884,24.409722222222225,range_d
541,D,72,190,N,6,0,1,1,0.16666666666666666,25.76581790123457,range_e
542,L,72,198,N,866,189,225,414,0.4780600461893764,26.850694444444446,range_d
543,D,76,230,N,381,7,33,40,0.10498687664041995,27.99342105263158,range_e
544,L,70,180,N,471,101,140,241,0.5116772823779193,25.82448979591837,range_d
545,D,72,185,N,2,0,0,0,0.0,25.087770061728396,range_e
546,R,70,180,N,193,41,43,84,0.43523316062176165,25.82448979591837,range_d
547,C,74,180,N,326,39,79,118,0.3619631901840491,23.10810810810811,range_e
548,L,71,185,N,1,0,0,0,0.0,25.799444554651853,range_e
549,R,71,166,N,290,92,119,211,0.7275862068965517,23.149771870660583,range_d
550,R,70,180,N,389,56,50,106,0.27249357326478146,25.82448979591837,range_e
551,D,70,192,N,899,53,197,250,0.27808676307007785,27.54612244897959,range_e
552,C,72,175,N,166,57,59,116,0.6987951807228916,23.731674382716047,range_d
553,D,73,196,N,532,19,71,90,0.16917293233082706,25.856258209795456,range_e
554,R,75,213,N,321,49,71,120,0.37383177570093457,26.620266666666666,range_e
555,D,77,220,N,561,94,231,325,0.5793226381461676,26.085343228200372,range_d
556,L,73,176,N,12,1,0,1,0.08333333333333333,23.217864514918368,range_e
557,R,75,204,N,966,301,354,655,0.6780538302277432,25.49546666666667,range_d
558,L,71,185,N,6,1,0,1,0.16666666666666666,25.799444554651853,range_e
559,C,70,180,N,6,0,1,1,0.16666666666666666,25.82448979591837,range_e
560,C,73,205,N,1378,432,773,1205,0.874455732946299,27.043535372490147,range_c
561,L,73,200,N,425,17,26,43,0.1011764705882353,26.383936948770877,range_e
562,D,73,215,N,1283,36,142,178,0.1387373343725643,28.36273221992869,range_e
563,C,70,160,N,522,87,167,254,0.48659003831417624,22.955102040816328,range_d
564,D,75,210,N,43,5,6,11,0.2558139534883721,26.245333333333335,range_e
565,L,72,195,N,31,4,4,8,0.25806451612903225,26.44386574074074,range_e
566,C,71,170,N,36,5,7,12,0.3333333333333333,23.70759769886927,range_e
567,D,68,170,N,78,6,10,16,0.20512820512820512,25.84558823529412,range_e
568,L,71,180,N,100,31,22,53,0.53,25.102162269390995,range_d
569,D,72,185,N,2,0,0,0,0.0,25.087770061728396,range_e
570,D,76,223,N,67,11,26,37,0.5522388059701493,27.14144736842105,range_d
571,R,67,165,N,46,8,11,19,0.41304347826086957,25.83983069725997,range_d
572,L,70,160,N,138,10,22,32,0.2318840579710145,22.955102040816328,range_e
573,L,74,185,N,4,0,0,0,0.0,23.75,range_e
574,L,73,195,N,165,25,56,81,0.4909090909090909,25.724338525051607,range_d
575,C,71,200,N,993,249,276,525,0.5287009063444109,27.891291410434434,range_d
576,C,71,175,N,92,26,26,52,0.5652173913043478,24.404879984130133,range_d
577,C,72,195,N,148,21,20,41,0.27702702702702703,26.44386574074074,range_e
578,L,71,185,N,22,0,2,2,0.09090909090909091,25.799444554651853,range_e
579,C,70,194,N,555,189,227,416,0.7495495495495496,27.833061224489796,range_d
580,D,72,200,N,153,18,47,65,0.42483660130718953,27.12191358024691,range_d
581,C,74,185,N,524,83,83,166,0.31679389312977096,23.75,range_e
582,D,73,199,N,541,31,92,123,0.22735674676524953,26.25201726402702,range_e
583,D,76,215,N,402,13,29,42,0.1044776119402985,26.167763157894736,range_e
584,R,70,175,N,48,1,8,9,0.1875,25.107142857142854,range_e
585,C,72,180,N,8,0,2,2,0.25,24.409722222222225,range_e
586,L,68,165,N,2,0,1,1,0.5,25.085423875432525,range_d
587,D,74,205,N,28,0,7,7,0.25,26.31756756756757,range_e
588,D,73,205,N,1143,136,439,575,0.5030621172353456,27.043535372490147,range_d
589,R,70,190,N,894,106,171,277,0.3098434004474273,27.259183673469387,range_e
590,L,73,205,N,223,61,79,140,0.6278026905829597,27.043535372490147,range_d
591,D,73,216,N,932,56,156,212,0.22746781115879827,28.494651904672548,range_e
592,D,71,181,N,13,0,2,2,0.15384615384615385,25.241618726443164,range_e
593,C,70,173,N,13,1,1,2,0.15384615384615385,24.820204081632653,range_e
594,C,72,185,N,229,43,66,109,0.4759825327510917,25.087770061728396,range_d
595,R,71,190,N,1188,355,405,760,0.6397306397306397,26.496726839912714,range_d
596,D,72,195,N,528,16,90,106,0.20075757575757575,26.44386574074074,range_e
597,R,75,202,N,17,2,3,5,0.29411764705882354,25.24551111111111,range_e
598,D,71,175,N,611,17,78,95,0.15548281505728315,24.404879984130133,range_e
599,D,74,212,N,646,42,96,138,0.21362229102167182,27.216216216216218,range_e
600,D,73,202,N,554,28,41,69,0.12454873646209386,26.647776318258586,range_e
601,R,73,195,N,12,0,0,0,0.0,25.724338525051607,range_e
602,D,74,200,N,257,14,81,95,0.36964980544747084,25.675675675675674,range_e
603,D,73,190,N,125,11,41,52,0.416,25.064740101332333,range_d
604,C,71,185,N,137,15,24,39,0.2846715328467153,25.799444554651853,range_e
605,C,69,180,N,4,1,1,2,0.5,26.578449905482042,range_d
606,L,71,185,N,465,114,121,235,0.5053763440860215,25.799444554651853,range_d
607,R,71,205,N,63,7,8,15,0.23809523809523808,28.5885736956953,range_e
608,L,70,180,N,35,3,4,7,0.2,25.82448979591837,range_e
609,R,70,213,N,1020,104,141,245,0.24019607843137256,30.558979591836735,range_e
610,D,71,176,N,82,2,31,33,0.4024390243902439,24.544336441182306,range_d
611,R,73,195,N,321,54,67,121,0.37694704049844235,25.724338525051607,range_e
612,L,72,200,N,268,76,62,138,0.5149253731343284,27.12191358024691,range_d
613,D,72,174,N,28,3,4,7,0.25,23.596064814814817,range_e
614,L,72,190,N,60,3,8,11,0.18333333333333332,25.76581790123457,range_e
615,C,70,160,N,654,151,304,455,0.6957186544342507,22.955102040816328,range_d
616,D,72,185,N,922,96,390,486,0.527114967462039,25.087770061728396,range_d
617,C,70,188,N,1157,161,203,364,0.3146067415730337,26.972244897959186,range_e
618,R,74,195,N,531,113,126,239,0.4500941619585687,25.033783783783786,range_d
619,D,71,195,N,1113,227,525,752,0.6756513926325247,27.19400912517358,range_d
620,L,71,185,N,57,8,10,18,0.3157894736842105,25.799444554651853,range_e
621,L,71,200,N,1028,179,254,433,0.42120622568093385,27.891291410434434,range_d
622,L,72,190,N,309,75,99,174,0.5631067961165048,25.76581790123457,range_d
623,D,75,210,N,1,0,0,0,0.0,26.245333333333335,range_e
624,D,73,206,N,268,6,36,42,0.15671641791044777,27.175455057234,range_e
625,R,72,195,N,5,0,0,0,0.0,26.44386574074074,range_e
626,D,72,200,N,2,0,0,0,0.0,27.12191358024691,range_e
627,L,71,180,N,167,23,21,44,0.2634730538922156,25.102162269390995,range_e
628,R,72,190,N,38,5,4,9,0.23684210526315788,25.76581790123457,range_e
629,L,71,185,N,4,1,0,1,0.25,25.799444554651853,range_e
630,L,73,200,N,127,34,55,89,0.7007874015748031,26.383936948770877,range_d
631,D,75,200,N,214,7,29,36,0.16822429906542055,24.995555555555555,range_e
632,D,73,185,N,89,3,20,23,0.25842696629213485,24.405141677613063,range_e
633,C,70,170,N,550,130,274,404,0.7345454545454545,24.389795918367348,range_d
634,D,74,200,N,184,14,41,55,0.29891304347826086,25.675675675675674,range_e
635,L,74,190,N,217,8,32,40,0.18433179723502305,24.39189189189189,range_e
636,D,72,200,N,810,59,185,244,0.3012345679012346,27.12191358024691,range_e
637,C,74,200,N,864,274,346,620,0.7175925925925926,25.675675675675674,range_d
638,D,72,200,N,483,36,140,176,0.36438923395445133,27.12191358024691,range_e
639,L,70,185,N,256,55,85,140,0.546875,26.541836734693877,range_d
640,D,70,195,N,193,11,74,85,0.44041450777202074,27.976530612244897,range_d
641,L,71,172,N,31,2,6,8,0.25806451612903225,23.986510612973618,range_e
642,C,70,180,N,324,83,143,226,0.6975308641975309,25.82448979591837,range_d
643,C,70,174,N,184,45,58,103,0.5597826086956522,24.963673469387757,range_d
644,C,70,185,N,57,4,13,17,0.2982456140350877,26.541836734693877,range_e
645,C,71,190,N,13,2,2,4,0.3076923076923077,26.496726839912714,range_e
646,R,69,168,N,1,0,0,0,0.0,24.80655324511657,range_e
647,L,70,195,N,853,74,122,196,0.22977725674091443,27.976530612244897,range_e
648,L,72,175,N,259,40,101,141,0.5444015444015444,23.731674382716047,range_d
649,D,71,180,N,441,34,90,124,0.2811791383219955,25.102162269390995,range_e
650,C,69,175,N,51,2,7,9,0.17647058823529413,25.84015963032976,range_e
651,C,73,185,N,91,13,24,37,0.4065934065934066,24.405141677613063,range_d
652,D,70,195,N,245,11,47,58,0.23673469387755103,27.976530612244897,range_e
653,D,68,160,N,4,0,0,0,0.0,24.325259515570938,range_e
654,L,69,165,N,132,26,29,55,0.4166666666666667,24.363579080025207,range_d
655,C,72,185,N,166,21,31,52,0.3132530120481928,25.087770061728396,range_e
656,L,72,175,N,428,85,89,174,0.40654205607476634,23.731674382716047,range_d
657,L,72,180,N,305,45,69,114,0.3737704918032787,24.409722222222225,range_e
658,C,69,170,N,2,0,0,0,0.0,25.101869355177485,range_e
659,D,73,185,N,158,17,70,87,0.5506329113924051,24.405141677613063,range_d
660,R,72,190,N,527,213,194,407,0.7722960151802657,25.76581790123457,range_d
661,C,70,175,N,594,120,335,455,0.765993265993266,25.107142857142854,range_d
662,L,69,170,N,2,0,0,0,0.0,25.101869355177485,range_e
663,C,71,170,N,105,19,71,90,0.8571428571428571,23.70759769886927,range_c
664,L,73,192,N,448,110,219,329,0.734375,25.328579470820042,range_d
665,D,74,205,N,1129,153,415,568,0.5031000885739593,26.31756756756757,range_d
666,L,72,185,N,14,2,1,3,0.21428571428571427,25.087770061728396,range_e
667,L,71,165,N,201,39,45,84,0.417910447761194,23.01031541360841,range_d
668,D,71,190,N,55,3,11,14,0.2545454545454545,26.496726839912714,range_e
669,R,70,163,N,129,12,11,23,0.17829457364341086,23.385510204081633,range_e
670,D,72,195,N,250,4,39,43,0.172,26.44386574074074,range_e
671,L,71,190,N,49,9,13,22,0.4489795918367347,26.496726839912714,range_d
672,L,73,190,N,74,11,13,24,0.32432432432432434,25.064740101332333,range_e
673,L,72,190,N,444,188,219,407,0.9166666666666666,25.76581790123457,range_c
674,L,74,190,N,330,52,46,98,0.296969696969697,24.39189189189189,range_e
675,D,73,180,N,76,1,12,13,0.17105263157894737,23.74554325389379,range_e
676,C,70,170,N,9,2,0,2,0.2222222222222222,24.389795918367348,range_e
677,R,69,195,N,612,180,186,366,0.5980392156862745,28.793320730938877,range_d
678,R,72,175,N,109,27,44,71,0.6513761467889908,23.731674382716047,range_d
679,R,70,180,N,771,195,293,488,0.6329442282749675,25.82448979591837,range_d
680,R,72,185,N,506,154,188,342,0.6758893280632411,25.087770061728396,range_d
681,D,74,200,N,267,13,103,116,0.4344569288389513,25.675675675675674,range_d
682,D,74,200,N,659,29,177,206,0.3125948406676783,25.675675675675674,range_e
683,L,71,170,N,2,0,1,1,0.5,23.70759769886927,range_d
684,D,72,200,N,5,1,0,1,0.2,27.12191358024691,range_e
685,D,74,190,N,3,1,3,4,1.3333333333333333,24.39189189189189,range_b
686,L,71,175,N,3,0,2,2,0.6666666666666666,24.404879984130133,range_d
687,R,72,195,N,290,40,58,98,0.33793103448275863,26.44386574074074,range_e
688,C,72,185,N,40,4,10,14,0.35,25.087770061728396,range_e
689,D,71,195,N,66,1,7,8,0.12121212121212122,27.19400912517358,range_e
690,C,69,170,N,351,80,125,205,0.584045584045584,25.101869355177485,range_d
691,L,76,218,N,20,3,3,6,0.3,26.532894736842106,range_e
692,C,75,190,N,193,48,95,143,0.7409326424870466,23.745777777777775,range_d
693,D,74,182,N,208,22,76,98,0.47115384615384615,23.364864864864867,range_d
694,L,72,196,N,556,57,159,216,0.38848920863309355,26.579475308641975,range_e
695,C,73,195,N,60,12,26,38,0.6333333333333333,25.724338525051607,range_d
696,D,70,190,N,273,11,52,63,0.23076923076923078,27.259183673469387,range_e
697,L,71,175,N,895,170,212,382,0.42681564245810055,24.404879984130133,range_d
698,D,74,183,N,381,12,73,85,0.2230971128608924,23.493243243243242,range_e
699,L,69,185,N,9,0,1,1,0.1111111111111111,27.31674018063432,range_e
700,R,72,185,N,407,90,118,208,0.5110565110565111,25.087770061728396,range_d
701,C,72,175,N,18,1,1,2,0.1111111111111111,23.731674382716047,range_e
702,R,75,230,N,518,36,40,76,0.14671814671814673,28.74488888888889,range_e
703,D,75,195,N,9,1,0,1,0.1111111111111111,24.370666666666665,range_e
704,L,69,185,N,355,48,87,135,0.38028169014084506,27.31674018063432,range_e
705,D,69,180,N,239,19,42,61,0.25523012552301255,26.578449905482042,range_e
706,R,69,185,N,113,22,30,52,0.46017699115044247,27.31674018063432,range_d
707,C,69,185,N,103,14,25,39,0.3786407766990291,27.31674018063432,range_e
708,C,70,180,N,803,139,233,372,0.46326276463262767,25.82448979591837,range_d
709,R,70,180,N,26,1,3,4,0.15384615384615385,25.82448979591837,range_e
710,L,70,175,N,18,2,1,3,0.16666666666666666,25.107142857142854,range_e
711,L,72,185,N,41,2,1,3,0.07317073170731707,25.087770061728396,range_e
712,D,73,195,N,430,17,110,127,0.29534883720930233,25.724338525051607,range_e
713,D,77,215,N,384,19,61,80,0.20833333333333334,25.492494518468543,range_e
714,D,71,190,N,35,1,12,13,0.37142857142857144,26.496726839912714,range_e
715,D,73,175,N,231,21,90,111,0.4805194805194805,23.08594483017452,range_d
716,R,74,205,N,28,0,2,2,0.07142857142857142,26.31756756756757,range_e
717,L,72,195,N,470,97,112,209,0.44468085106382976,26.44386574074074,range_d
718,D,72,195,N,91,3,10,13,0.14285714285714285,26.44386574074074,range_e
719,D,71,180,N,169,13,24,37,0.21893491124260356,25.102162269390995,range_e
720,D,71,192,N,206,3,32,35,0.16990291262135923,26.775639754017064,range_e
721,L,71,180,N,411,100,83,183,0.44525547445255476,25.102162269390995,range_d
722,D,73,184,N,48,3,3,6,0.125,24.273221992869207,range_e
723,C,75,210,N,726,235,346,581,0.800275482093664,26.245333333333335,range_c
724,C,72,195,N,797,160,238,398,0.4993726474278545,26.44386574074074,range_d
725,L,71,190,N,60,16,14,30,0.5,26.496726839912714,range_d
726,R,69,165,N,131,28,37,65,0.4961832061068702,24.363579080025207,range_d
727,L,71,195,N,271,84,97,181,0.6678966789667896,27.19400912517358,range_d
728,D,74,195,N,18,0,7,7,0.3888888888888889,25.033783783783786,range_e
729,C,69,200,N,1258,408,490,898,0.7138314785373608,29.531611006091154,range_d
730,D,72,198,N,725,34,78,112,0.15448275862068966,26.850694444444446,range_e
731,D,74,203,N,708,13,70,83,0.1172316384180791,26.06081081081081,range_e
732,C,72,190,N,78,12,20,32,0.41025641025641024,25.76581790123457,range_d
733,C,72,195,N,20,5,2,7,0.35,26.44386574074074,range_e
734,R,72,195,N,1097,139,190,329,0.2999088422971741,26.44386574074074,range_e
735,C,75,180,N,12,0,0,0,0.0,22.496000000000002,range_e
736,R,74,205,N,780,170,340,510,0.6538461538461539,26.31756756756757,range_d
737,C,71,185,N,462,87,140,227,0.49134199134199136,25.799444554651853,range_d
738,R,66,182,N,1084,455,633,1088,1.003690036900369,29.37235996326905,range_c
739,R,74,200,N,124,18,23,41,0.33064516129032256,25.675675675675674,range_e
740,D,74,180,N,3,0,0,0,0.0,23.10810810810811,range_e
741,R,68,164,N,86,20,17,37,0.43023255813953487,24.93339100346021,range_d
742,D,72,185,N,216,10,50,60,0.2777777777777778,25.087770061728396,range_e
743,D,73,205,N,190,5,20,25,0.13157894736842105,27.043535372490147,range_e
744,R,73,205,N,475,138,152,290,0.6105263157894737,27.043535372490147,range_d
745,D,75,195,N,6,0,1,1,0.16666666666666666,24.370666666666665,range_e
746,R,72,185,N,55,2,5,7,0.12727272727272726,25.087770061728396,range_e
747,C,71,190,N,453,145,183,328,0.7240618101545254,26.496726839912714,range_d
748,C,68,180,N,12,2,3,5,0.4166666666666667,27.3659169550173,range_d
749,D,72,200,N,924,44,194,238,0.25757575757575757,27.12191358024691,range_e
750,D,73,205,N,156,22,52,74,0.47435897435897434,27.043535372490147,range_d
751,R,74,195,N,1018,355,372,727,0.7141453831041258,25.033783783783786,range_d
752,L,73,180,N,14,0,0,0,0.0,23.74554325389379,range_e
753,C,70,185,N,2,0,0,0,0.0,26.541836734693877,range_e
754,L,69,175,N,37,2,4,6,0.16216216216216217,25.84015963032976,range_e
755,R,72,185,N,43,3,6,9,0.20930232558139536,25.087770061728396,range_e
756,L,70,180,N,37,8,4,12,0.32432432432432434,25.82448979591837,range_e
757,C,70,170,N,11,0,0,0,0.0,24.389795918367348,range_e
758,L,69,175,N,102,13,11,24,0.23529411764705882,25.84015963032976,range_e
759,R,70,180,N,362,64,64,128,0.35359116022099446,25.82448979591837,range_e
760,D,74,200,N,50,1,11,12,0.24,25.675675675675674,range_e
761,R,70,180,N,1,0,0,0,0.0,25.82448979591837,range_e
762,L,69,170,N,4,1,0,1,0.25,25.101869355177485,range_e
763,D,72,190,N,47,2,9,11,0.23404255319148937,25.76581790123457,range_e
764,D,73,188,N,59,3,6,9,0.15254237288135594,24.800900731844624,range_e
765,C,74,195,N,1,0,0,0,0.0,25.033783783783786,range_e
766,L,74,195,N,140,42,24,66,0.4714285714285714,25.033783783783786,range_d
767,C,70,180,N,21,5,5,10,0.47619047619047616,25.82448979591837,range_d
768,D,71,190,N,205,8,21,29,0.14146341463414633,26.496726839912714,range_e
769,C,67,165,N,92,24,30,54,0.5869565217391305,25.83983069725997,range_d
770,C,72,192,N,212,42,60,102,0.4811320754716981,26.037037037037035,range_d
771,D,75,204,N,45,5,6,11,0.24444444444444444,25.49546666666667,range_e
772,R,70,190,N,541,111,163,274,0.5064695009242144,27.259183673469387,range_d
773,L,74,210,N,646,60,77,137,0.21207430340557276,26.95945945945946,range_e
774,C,72,185,N,409,59,124,183,0.4474327628361858,25.087770061728396,range_d
775,R,68,185,N,578,186,293,479,0.828719723183391,28.126081314878896,range_c
776,D,74,190,N,494,14,92,106,0.2145748987854251,24.39189189189189,range_e
777,C,69,175,N,14,2,0,2,0.14285714285714285,25.84015963032976,range_e
778,L,72,200,N,459,59,81,140,0.30501089324618735,27.12191358024691,range_e
779,D,75,215,N,797,34,106,140,0.17565872020075282,26.87022222222222,range_e
780,L,73,200,N,704,193,239,432,0.6136363636363636,26.383936948770877,range_d
781,D,72,205,N,267,8,81,89,0.3333333333333333,27.79996141975309,range_e
782,R,72,170,N,273,37,40,77,0.28205128205128205,23.053626543209877,range_e
783,L,70,180,N,5,0,0,0,0.0,25.82448979591837,range_e
784,L,71,198,N,587,202,241,443,0.7546848381601363,27.612378496330095,range_d
785,C,70,180,N,124,16,23,39,0.31451612903225806,25.82448979591837,range_e
786,D,72,190,N,23,0,3,3,0.13043478260869565,25.76581790123457,range_e
787,L,71,185,N,64,7,7,14,0.21875,25.799444554651853,range_e
788,D,71,190,N,311,13,51,64,0.2057877813504823,26.496726839912714,range_e
789,L,71,175,N,13,2,3,5,0.38461538461538464,24.404879984130133,range_e
790,C,70,155,N,334,77,150,227,0.6796407185628742,22.237755102040815,range_d
791,C,72,200,N,415,147,183,330,0.7951807228915663,27.12191358024691,range_d
792,D,69,175,N,80,3,12,15,0.1875,25.84015963032976,range_e
793,D,74,200,N,2,0,0,0,0.0,25.675675675675674,range_e
794,L,71,185,N,1,0,0,0,0.0,25.799444554651853,range_e
795,D,74,223,N,65,6,8,14,0.2153846153846154,28.62837837837838,range_e
796,L,70,180,N,390,110,101,211,0.541025641025641,25.82448979591837,range_d
797,R,72,190,N,68,14,15,29,0.4264705882352941,25.76581790123457,range_d
798,C,70,188,N,946,318,401,719,0.7600422832980972,26.972244897959186,range_d
799,C,74,180,N,78,7,10,17,0.21794871794871795,23.10810810810811,range_e
800,L,70,190,N,615,211,269,480,0.7804878048780488,27.259183673469387,range_d
801,R,72,180,N,2,0,0,0,0.0,24.409722222222225,range_e
802,D,72,207,N,1149,125,475,600,0.5221932114882507,28.071180555555554,range_d
803,C,69,170,N,79,15,31,46,0.5822784810126582,25.101869355177485,range_d
804,L,69,182,N,22,4,0,4,0.18181818181818182,26.873766015542955,range_e
805,C,71,185,N,49,5,8,13,0.2653061224489796,25.799444554651853,range_e
806,L,74,195,N,499,110,115,225,0.45090180360721444,25.033783783783786,range_d
807,C,70,180,N,6,0,0,0,0.0,25.82448979591837,range_e
808,R,69,180,N,42,3,7,10,0.23809523809523808,26.578449905482042,range_e
809,D,70,180,N,46,0,10,10,0.21739130434782608,25.82448979591837,range_e
810,C,70,180,N,380,73,115,188,0.49473684210526314,25.82448979591837,range_d
811,C,72,185,N,350,75,115,190,0.5428571428571428,25.087770061728396,range_d
812,D,75,205,N,378,19,82,101,0.2671957671957672,25.620444444444445,range_e
813,C,72,195,N,447,201,201,402,0.8993288590604027,26.44386574074074,range_c
814,L,68,170,N,130,20,29,49,0.3769230769230769,25.84558823529412,range_e
815,L,71,190,N,344,88,117,205,0.5959302325581395,26.496726839912714,range_d
816,D,72,195,N,15,1,1,2,0.13333333333333333,26.44386574074074,range_e
817,R,69,175,N,827,354,331,685,0.8282950423216445,25.84015963032976,range_c
818,C,71,180,N,1,0,0,0,0.0,25.102162269390995,range_e
819,L,71,185,N,609,114,197,311,0.5106732348111659,25.799444554651853,range_d
820,C,70,185,N,4,1,1,2,0.5,26.541836734693877,range_d
821,R,70,180,N,26,4,3,7,0.2692307692307692,25.82448979591837,range_e
822,R,71,185,N,89,15,20,35,0.39325842696629215,25.799444554651853,range_e
823,R,72,190,N,768,130,155,285,0.37109375,25.76581790123457,range_e
824,D,69,195,N,3,0,0,0,0.0,28.793320730938877,range_e
825,L,71,195,N,122,19,17,36,0.29508196721311475,27.19400912517358,range_e
826,D,71,180,N,2,0,0,0,0.0,25.102162269390995,range_e
827,C,71,175,N,1,0,0,0,0.0,24.404879984130133,range_e
828,L,71,202,N,1273,309,351,660,0.5184603299293009,28.170204324538783,range_d
829,C,71,170,N,119,18,19,37,0.31092436974789917,23.70759769886927,range_e
830,C,69,190,N,140,37,53,90,0.6428571428571429,28.0550304557866,range_d
831,L,70,180,N,320,84,106,190,0.59375,25.82448979591837,range_d
832,D,71,195,N,316,9,64,73,0.2310126582278481,27.19400912517358,range_e
833,D,71,175,N,203,14,47,61,0.30049261083743845,24.404879984130133,range_e
834,D,70,185,N,2,0,0,0,0.0,26.541836734693877,range_e
835,R,70,185,N,111,20,32,52,0.46846846846846846,26.541836734693877,range_d
836,D,73,195,N,54,1,4,5,0.09259259259259259,25.724338525051607,range_e
837,C,72,178,N,138,34,28,62,0.4492753623188406,24.138503086419753,range_d
838,D,73,195,N,4,0,1,1,0.25,25.724338525051607,range_e
839,D,72,190,N,4,0,0,0,0.0,25.76581790123457,range_e
840,D,72,198,N,366,14,67,81,0.22131147540983606,26.850694444444446,range_e
841,C,68,170,N,171,31,46,77,0.4502923976608187,25.84558823529412,range_d
842,D,71,201,N,23,0,3,3,0.13043478260869565,28.03074786748661,range_e
843,L,72,185,N,1,0,0,0,0.0,25.087770061728396,range_e
844,L,71,175,N,89,11,24,35,0.39325842696629215,24.404879984130133,range_e
845,R,74,205,N,16,2,0,2,0.125,26.31756756756757,range_e
846,D,71,195,N,717,55,211,266,0.37099023709902373,27.19400912517358,range_e
847,C,70,175,N,63,9,19,28,0.4444444444444444,25.107142857142854,range_d
848,C,75,210,N,48,0,2,2,0.041666666666666664,26.245333333333335,range_e
849,D,73,210,N,14,0,3,3,0.21428571428571427,27.70313379620942,range_e
850,R,72,188,N,27,1,3,4,0.14814814814814814,25.494598765432098,range_e
851,C,70,175,N,127,3,22,25,0.1968503937007874,25.107142857142854,range_e
852,L,73,195,N,837,150,228,378,0.45161290322580644,25.724338525051607,range_d
853,D,68,175,N,895,43,199,242,0.27039106145251396,26.605752595155707,range_e
854,L,71,180,N,792,135,170,305,0.3851010101010101,25.102162269390995,range_e
855,D,73,202,N,41,0,2,2,0.04878048780487805,26.647776318258586,range_e
856,C,72,190,N,457,55,60,115,0.25164113785557984,25.76581790123457,range_e
857,C,70,185,N,73,5,18,23,0.3150684931506849,26.541836734693877,range_e
858,D,72,185,N,1007,82,272,354,0.3515392254220457,25.087770061728396,range_e
859,R,75,210,N,35,2,4,6,0.17142857142857143,26.245333333333335,range_e
860,L,73,195,N,246,33,43,76,0.3089430894308943,25.724338525051607,range_e
861,C,71,198,N,624,88,154,242,0.38782051282051283,27.612378496330095,range_e
862,L,72,194,N,386,78,95,173,0.4481865284974093,26.308256172839506,range_d
863,C,71,180,N,10,0,1,1,0.1,25.102162269390995,range_e
864,D,73,200,N,476,61,174,235,0.49369747899159666,26.383936948770877,range_d
865,D,72,190,N,274,15,74,89,0.3248175182481752,25.76581790123457,range_e
866,C,71,185,N,6,1,0,1,0.16666666666666666,25.799444554651853,range_e
867,D,71,185,N,14,1,5,6,0.42857142857142855,25.799444554651853,range_d
868,D,73,197,N,520,13,86,99,0.19038461538461537,25.988177894539312,range_e
869,D,74,210,N,13,0,2,2,0.15384615384615385,26.95945945945946,range_e
870,C,71,170,N,74,4,5,9,0.12162162162162163,23.70759769886927,range_e
871,C,68,160,N,5,1,1,2,0.4,24.325259515570938,range_e
872,D,71,187,N,3,0,0,0,0.0,26.0783574687562,range_e
873,L,71,180,N,41,0,3,3,0.07317073170731707,25.102162269390995,range_e
874,L,70,175,N,231,33,56,89,0.3852813852813853,25.107142857142854,range_e
875,R,70,190,N,27,3,6,9,0.3333333333333333,27.259183673469387,range_e
876,D,73,210,N,223,10,39,49,0.21973094170403587,27.70313379620942,range_e
877,L,70,180,N,7,1,2,3,0.42857142857142855,25.82448979591837,range_d
878,C,74,180,N,229,62,101,163,0.7117903930131004,23.10810810810811,range_d
879,R,69,170,N,5,0,1,1,0.2,25.101869355177485,range_e
880,D,71,210,N,2,0,0,0,0.0,29.28585598095616,range_e
881,C,73,190,N,83,21,17,38,0.4578313253012048,25.064740101332333,range_d
882,L,74,185,N,227,33,55,88,0.3876651982378855,23.75,range_e
883,L,72,190,N,10,0,0,0,0.0,25.76581790123457,range_e
884,D,70,185,N,180,9,38,47,0.2611111111111111,26.541836734693877,range_e
885,D,70,185,N,103,1,4,5,0.04854368932038835,26.541836734693877,range_e
886,R,72,190,N,291,52,67,119,0.40893470790378006,25.76581790123457,range_d
887,D,70,185,N,5,0,0,0,0.0,26.541836734693877,range_e
888,D,72,195,N,242,22,77,99,0.4090909090909091,26.44386574074074,range_d
889,R,71,185,N,3,0,0,0,0.0,25.799444554651853,range_e
890,C,69,170,N,1048,362,490,852,0.8129770992366412,25.101869355177485,range_c
891,R,71,197,N,504,131,138,269,0.5337301587301587,27.47292203927792,range_d
892,L,71,190,N,7,0,0,0,0.0,26.496726839912714,range_e
893,R,72,190,N,303,58,53,111,0.36633663366336633,25.76581790123457,range_e
894,C,70,180,N,49,6,9,15,0.30612244897959184,25.82448979591837,range_e
895,R,72,195,N,697,145,159,304,0.43615494978479197,26.44386574074074,range_d
896,L,72,200,N,45,4,6,10,0.2222222222222222,27.12191358024691,range_e
897,L,74,195,N,96,17,20,37,0.3854166666666667,25.033783783783786,range_e
898,L,71,175,N,7,0,1,1,0.14285714285714285,24.404879984130133,range_e
899,L,70,175,N,25,4,4,8,0.32,25.107142857142854,range_e
900,R,72,180,N,533,119,137,256,0.4803001876172608,24.409722222222225,range_d
901,C,71,176,N,677,209,384,593,0.8759231905465288,24.544336441182306,range_c
902,C,74,185,N,25,1,0,1,0.04,23.75,range_e
903,L,72,174,N,184,16,26,42,0.22826086956521738,23.596064814814817,range_e
904,R,71,190,N,772,219,270,489,0.633419689119171,26.496726839912714,range_d
905,L,73,190,N,103,11,17,28,0.27184466019417475,25.064740101332333,range_e
906,R,70,180,N,773,248,244,492,0.6364812419146184,25.82448979591837,range_d
907,L,70,188,N,562,197,210,407,0.7241992882562278,26.972244897959186,range_d
908,C,69,170,N,34,5,6,11,0.3235294117647059,25.101869355177485,range_e
909,C,72,185,N,7,1,0,1,0.14285714285714285,25.087770061728396,range_e
910,R,71,165,N,44,8,8,16,0.36363636363636365,23.01031541360841,range_e
911,D,74,200,N,607,39,128,167,0.2751235584843493,25.675675675675674,range_e
912,L,72,205,N,1152,329,287,616,0.5347222222222222,27.79996141975309,range_d
913,R,71,175,N,556,118,163,281,0.5053956834532374,24.404879984130133,range_d
914,L,70,175,N,35,5,4,9,0.2571428571428571,25.107142857142854,range_e
915,C,72,190,N,1,0,0,0,0.0,25.76581790123457,range_e
916,D,72,195,N,228,7,29,36,0.15789473684210525,26.44386574074074,range_e
917,D,71,184,N,12,0,2,2,0.16666666666666666,25.659988097599683,range_e
918,D,71,200,N,4,0,0,0,0.0,27.891291410434434,range_e
919,C,69,175,N,312,78,98,176,0.5641025641025641,25.84015963032976,range_d
920,R,71,190,N,125,13,27,40,0.32,26.496726839912714,range_e
921,L,77,239,N,729,17,22,39,0.053497942386831275,28.33816832518131,range_e
922,D,74,198,N,34,0,0,0,0.0,25.41891891891892,range_e
923,L,73,230,N,57,3,6,9,0.15789473684210525,30.34152749108651,range_e
924,C,73,185,N,1,0,0,0,0.0,24.405141677613063,range_e
925,D,76,215,N,474,41,152,193,0.40717299578059074,26.167763157894736,range_d
926,D,75,220,N,845,43,220,263,0.31124260355029587,27.49511111111111,range_e
927,D,70,200,N,133,6,53,59,0.44360902255639095,28.693877551020407,range_d
928,L,74,220,N,9,0,1,1,0.1111111111111111,28.243243243243246,range_e
929,D,74,205,N,981,179,431,610,0.6218144750254841,26.31756756756757,range_d
930,C,71,170,N,10,1,1,2,0.2,23.70759769886927,range_e
931,C,69,175,N,6,0,1,1,0.16666666666666666,25.84015963032976,range_e
932,D,74,200,N,571,84,223,307,0.5376532399299475,25.675675675675674,range_d
933,L,72,190,N,629,195,359,554,0.8807631160572337,25.76581790123457,range_c
934,L,71,185,N,20,3,3,6,0.3,25.799444554651853,range_e
935,L,73,188,N,2,0,0,0,0.0,24.800900731844624,range_e
936,R,71,185,N,117,11,23,34,0.2905982905982906,25.799444554651853,range_e
937,D,75,195,N,185,8,26,34,0.1837837837837838,24.370666666666665,range_e
938,D,75,202,N,156,5,20,25,0.16025641025641027,25.24551111111111,range_e
939,R,73,185,N,60,6,11,17,0.2833333333333333,24.405141677613063,range_e
940,C,70,175,N,102,20,39,59,0.5784313725490197,25.107142857142854,range_d
941,C,72,185,N,345,72,91,163,0.47246376811594204,25.087770061728396,range_d
942,C,73,184,N,237,56,89,145,0.6118143459915611,24.273221992869207,range_d
943,D,73,175,N,3,0,0,0,0.0,23.08594483017452,range_e
944,D,75,215,N,854,42,202,244,0.2857142857142857,26.87022222222222,range_e
945,L,73,185,N,5,0,0,0,0.0,24.405141677613063,range_e
946,L,74,196,N,7,2,1,3,0.42857142857142855,25.16216216216216,range_d
947,D,73,180,N,204,23,63,86,0.4215686274509804,23.74554325389379,range_d
948,L,71,180,N,234,22,42,64,0.27350427350427353,25.102162269390995,range_e
949,D,71,200,N,256,8,32,40,0.15625,27.891291410434434,range_e
950,R,71,180,N,41,7,9,16,0.3902439024390244,25.102162269390995,range_e
951,C,68,155,N,274,39,82,121,0.4416058394160584,23.565095155709344,range_d
952,D,74,200,N,642,41,97,138,0.21495327102803738,25.675675675675674,range_e
953,C,74,200,N,152,17,14,31,0.20394736842105263,25.675675675675674,range_e
954,D,73,200,N,653,69,224,293,0.44869831546707506,26.383936948770877,range_d
955,D,71,195,N,699,26,95,121,0.17310443490701002,27.19400912517358,range_e
956,L,75,183,N,519,127,147,274,0.5279383429672447,22.87093333333333,range_d
957,L,72,175,N,11,0,1,1,0.09090909090909091,23.731674382716047,range_e
958,D,73,195,N,176,10,73,83,0.4715909090909091,25.724338525051607,range_d
959,D,73,190,N,193,18,29,47,0.24352331606217617,25.064740101332333,range_e
960,R,72,180,N,95,14,18,32,0.3368421052631579,24.409722222222225,range_e
961,L,72,180,N,427,116,123,239,0.5597189695550351,24.409722222222225,range_d
962,C,68,173,N,156,19,40,59,0.3782051282051282,26.30168685121107,range_e
963,D,72,190,N,337,59,113,172,0.5103857566765578,25.76581790123457,range_d
964,L,75,210,N,4,0,0,0,0.0,26.245333333333335,range_e
965,R,72,190,N,53,5,13,18,0.33962264150943394,25.76581790123457,range_e
966,L,71,175,N,14,0,3,3,0.21428571428571427,24.404879984130133,range_e
967,L,73,195,N,185,21,48,69,0.372972972972973,25.724338525051607,range_e
968,C,72,190,N,580,153,219,372,0.6413793103448275,25.76581790123457,range_d
969,C,70,180,N,841,114,191,305,0.3626634958382878,25.82448979591837,range_e
970,R,72,190,N,79,13,15,28,0.35443037974683544,25.76581790123457,range_e
971,C,73,194,N,20,1,3,4,0.2,25.592418840307747,range_e
972,D,71,180,N,52,2,8,10,0.19230769230769232,25.102162269390995,range_e
973,L,71,176,N,11,1,1,2,0.18181818181818182,24.544336441182306,range_e
974,D,74,180,N,382,24,106,130,0.3403141361256545,23.10810810810811,range_e
975,D,70,169,N,3,0,0,0,0.0,24.246326530612244,range_e
976,L,71,185,N,328,140,166,306,0.9329268292682927,25.799444554651853,range_c
977,D,71,180,N,1,0,0,0,0.0,25.102162269390995,range_e
978,C,70,180,N,267,68,89,157,0.5880149812734082,25.82448979591837,range_d
979,D,74,200,N,1,0,0,0,0.0,25.675675675675674,range_e
980,C,70,185,N,20,2,8,10,0.5,26.541836734693877,range_d
981,D,72,190,N,33,1,1,2,0.06060606060606061,25.76581790123457,range_e
982,D,77,215,N,25,0,2,2,0.08,25.492494518468543,range_e
983,R,75,220,N,15,0,0,0,0.0,27.49511111111111,range_e
984,D,73,200,N,642,24,142,166,0.2585669781931464,26.383936948770877,range_e
985,D,71,195,N,915,62,306,368,0.4021857923497268,27.19400912517358,range_d
986,L,73,185,N,1,0,1,1,1.0,24.405141677613063,range_c
987,R,72,185,N,3,0,0,0,0.0,25.087770061728396,range_e
988,R,70,185,N,446,74,77,151,0.33856502242152464,26.541836734693877,range_e
989,L,71,190,N,4,0,0,0,0.0,26.496726839912714,range_e
990,D,71,190,N,2,0,1,1,0.5,26.496726839912714,range_d
991,D,70,185,N,20,0,3,3,0.15,26.541836734693877,range_e
992,D,69,170,N,76,4,15,19,0.25,25.101869355177485,range_e
993,R,70,170,N,302,57,111,168,0.5562913907284768,24.389795918367348,range_d
994,L,72,185,N,180,50,73,123,0.6833333333333333,25.087770061728396,range_d
995,D,68,173,N,25,2,3,5,0.2,26.30168685121107,range_e
996,R,71,200,N,1,0,0,0,0.0,27.891291410434434,range_e
997,C,72,180,N,47,2,6,8,0.1702127659574468,24.409722222222225,range_e
998,D,69,205,N,477,36,171,207,0.4339622641509434,30.26990128124344,range_d
999,L,70,160,N,112,22,43,65,0.5803571428571429,22.955102040816328,range_d
